{"cameraMode":{"drawMode":0,"name":"Shaded","section":"Shading Mode"},"sceneLighting":true,"audioPlay":false,"sceneViewState":{"m_AlwaysRefresh":false,"showFog":true,"showSkybox":true,"showFlares":true,"showImageEffects":true,"showParticleSystems":true,"showVisualEffectGraphs":true,"m_FxEnabled":true},"in2DMode":false,"pivot":{"x":-4.588783264160156,"y":12.748666763305664,"z":14.093944549560547},"rotation":{"x":-0.039285678416490558,"y":-0.9592146277427673,"z":0.22377926111221314,"w":-0.16831183433532716},"size":0.8660253882408142,"orthographic":false}